zip,price,station,route
59044,2.15,BIL,BIL01-001
59047,2.15,BZN,BZN01-001
59101,2.15,BIL,BIL01-002
59102,2.15,BIL,BIL01-001
59105,2.15,BIL,BIL01-002
59106,2.15,BIL,BIL01-001
59701,2.15,BZN,BZN01-001
59714,2.15,BZN,BZN01-001
59715,2.15,BZN,BZN01-001
59718,2.15,BZN,BZN01-001
59741,2.15,BZN,BZN01-001
80002,1.75,DEN,DEN01-006
80003,1.9,DEN,DEN01-007
80004,1.9,DEN,DEN01-007
80005,1.9,DEN,DEN01-007
80007,1.9,DEN,DEN01-007
80010,1.95,DEN,DEN01-010
80011,1.95,DEN,DEN01-010
80012,1.9,DEN,DEN01-011
80013,1.95,DEN,DEN01-028
80014,1.95,DEN,DEN01-011
80015,1.95,DEN,DEN01-021
80016,1.95,DEN,DEN01-021
80017,1.95,DEN,DEN01-028
80018,1.95,DEN,DEN01-021
80019,1.95,DEN,DEN01-010
80020,1.9,DEN,DEN01-017
80021,1.9,DEN,DEN01-007
80022,1.75,DEN,DEN01-018
80023,1.9,DEN,DEN01-017
80024,1.95,DEN,DEN01-010
80026,1.95,DEN,DEN01-008
80027,1.9,DEN,DEN01-026
80030,1.9,DEN,DEN01-017
80031,1.9,DEN,DEN01-017
80033,1.75,DEN,DEN01-006
80045,1.95,DEN,DEN01-010
80104,1.85,DEN,DEN01-020
80108,1.85,DEN,DEN01-020
80109,1.85,DEN,DEN01-020
80110,1.75,DEN,DEN01-016
80111,1.95,DEN,DEN01-001
80112,1.95,DEN,DEN01-001
80113,1.75,DEN,DEN01-016
80120,1.9,DEN,DEN01-002
80121,1.9,DEN,DEN01-002
80122,1.9,DEN,DEN01-002
80123,1.75,DEN,DEN01-016
80124,1.9,DEN,DEN01-002
80125,1.75,DEN,DEN01-016
80126,1.9,DEN,DEN01-002
80127,1.75,DEN,DEN01-016
80128,1.75,DEN,DEN01-016
80129,1.9,DEN,DEN01-002
80130,1.9,DEN,DEN01-002
80132,2.0,DEN,DEN01-015
80133,2.0,DEN,DEN01-015
80134,1.95,DEN,DEN01-001
80138,1.95,DEN,DEN01-021
80202,1.8,DEN,DEN01-029
80203,1.975,DEN,DEN01-031
80204,1.8,DEN,DEN01-029
80205,1.975,DEN,DEN01-003
80206,1.975,DEN,DEN01-003
80207,1.75,DEN,DEN01-004
80209,1.975,DEN,DEN01-003
80210,1.975,DEN,DEN01-003
80211,1.8,DEN,DEN01-029
80212,1.8,DEN,DEN01-029
80214,1.75,DEN,DEN01-006
80215,1.75,DEN,DEN01-006
80216,1.975,DEN,DEN01-032
80218,1.975,DEN,DEN01-003
80219,1.8,DEN,DEN01-005
80220,1.75,DEN,DEN01-004
80221,1.8,DEN,DEN01-029
80222,1.75,DEN,DEN01-004
80223,1.8,DEN,DEN01-005
80224,1.75,DEN,DEN01-004
80226,1.8,DEN,DEN01-005
80227,1.8,DEN,DEN01-005
80228,1.8,DEN,DEN01-005
80229,1.85,DEN,DEN01-009
80230,1.75,DEN,DEN01-030
80231,1.75,DEN,DEN01-030
80232,1.8,DEN,DEN01-005
80233,1.85,DEN,DEN01-009
80234,1.9,DEN,DEN01-027
80235,1.75,DEN,DEN01-016
80236,1.75,DEN,DEN01-016
80237,1.75,DEN,DEN01-030
80238,1.75,DEN,DEN01-018
80239,1.75,DEN,DEN01-018
80241,1.9,DEN,DEN01-027
80246,1.75,DEN,DEN01-004
80247,1.75,DEN,DEN01-030
80249,1.75,DEN,DEN01-018
80260,1.9,DEN,DEN01-027
80301,1.9,DEN,DEN01-026
80302,1.9,DEN,DEN01-026
80303,1.9,DEN,DEN01-026
80304,1.9,DEN,DEN01-026
80305,1.9,DEN,DEN01-026
80401,1.75,DEN,DEN01-006
80403,1.9,DEN,DEN01-007
80419,1.9,DEN,DEN01-007
80501,1.9,DEN,DEN01-026
80503,1.9,DEN,DEN01-026
80504,1.95,DEN,DEN01-008
80513,1.95,DEN,DEN01-008
80514,1.95,DEN,DEN01-008
80516,1.95,DEN,DEN01-008
80520,1.95,DEN,DEN01-008
80521,2.05,DEN,DEN01-023
80524,2.05,DEN,DEN01-023
80525,2.05,DEN,DEN01-023
80526,2.05,DEN,DEN01-023
80528,2.05,DEN,DEN01-023
80530,1.95,DEN,DEN01-008
80534,1.95,DEN,DEN01-024
80537,1.95,DEN,DEN01-024
80538,1.95,DEN,DEN01-024
80542,1.95,DEN,DEN01-008
80543,1.95,DEN,DEN01-012
80546,1.95,DEN,DEN01-012
80547,2.05,DEN,DEN01-023
80550,2.05,DEN,DEN01-023
80601,1.9,DEN,DEN01-019
80602,1.9,DEN,DEN01-019
80603,1.9,DEN,DEN01-019
80620,1.95,DEN,DEN01-012
80621,1.95,DEN,DEN01-008
80631,1.95,DEN,DEN01-012
80634,1.95,DEN,DEN01-012
80640,1.9,DEN,DEN01-019
80817,2.1,DEN,DEN01-013
80831,2.0,DEN,DEN01-022
80903,2.1,DEN,DEN01-014
80904,2.1,DEN,DEN01-014
80905,2.1,DEN,DEN01-014
80906,2.1,DEN,DEN01-014
80907,2.1,DEN,DEN01-014
80908,2.0,DEN,DEN01-015
80909,2.1,DEN,DEN01-013
80910,2.1,DEN,DEN01-014
80911,2.0,DEN,DEN01-013
80913,2.1,DEN,DEN01-014
80914,2.1,DEN,DEN01-014
80915,2.0,DEN,DEN01-022
80916,2.0,DEN,DEN01-013
80917,2.0,DEN,DEN01-015
80918,2.0,DEN,DEN01-015
80919,2.1,DEN,DEN01-014
80920,2.0,DEN,DEN01-015
80921,2.0,DEN,DEN01-015
80922,2.0,DEN,DEN01-022
80923,2.0,DEN,DEN01-022
80924,2.0,DEN,DEN01-022
80925,2.0,DEN,DEN01-022
80927,2.0,DEN,DEN01-022
80938,2.0,DEN,DEN01-022
80939,2.0,DEN,DEN01-022
80951,2.0,DEN,DEN01-022
81001,2.1,DEN,DEN01-025
81003,2.1,DEN,DEN01-025
81004,2.1,DEN,DEN01-025
81005,2.1,DEN,DEN01-025
81006,2.1,DEN,DEN01-025
81008,2.1,DEN,DEN01-025
81501,2.05,GJT,GJT01-001
81503,2.05,GJT,GJT01-001
81504,2.05,GJT,GJT01-001
81505,2.05,GJT,GJT01-001
81506,2.05,GJT,GJT01-001
81507,2.05,GJT,GJT01-001
81520,2.05,GJT,GJT01-001
81521,2.05,GJT,GJT01-001
82001,2.3,CYS,WE-CYS01-001
82007,2.3,CYS,WE-CYS01-001
82009,2.3,CYS,WE-CYS01-001
83201,2.1,PIH,PIH01-001
83202,2.1,PIH,PIH01-001
83204,2.1,PIH,PIH01-001
83221,2.1,PIH,PIH01-001
83301,2.1,TWF,TWF01-001
83303,2.1,TWF,TWF01-001
83338,2.1,TWF,TWF01-001
83401,2.1,IDA,IDA01-002
83402,2.1,IDA,IDA01-001
83404,2.1,IDA,IDA01-001
83406,2.1,IDA,IDA01-001
83440,2.1,IDA,IDA01-002
83442,2.1,IDA,IDA01-002
84003,1.9,SLC,WE-SLC01-017
84004,1.9,SLC,WE-SLC01-017
84005,1.9,SLC,WE-SLC01-001
84009,1.8,SLC,WE-SLC01-004
84010,1.9,SLC,WE-SLC01-007
84014,1.9,SLC,WE-SLC01-007
84015,1.9,SLC,WE-SLC01-008
84020,1.9,SLC,WE-SLC01-002
84025,1.9,SLC,WE-SLC01-007
84029,1.9,SLC,WE-SLC01-015
84037,1.9,SLC,WE-SLC01-007
84040,1.9,SLC,WE-SLC01-019
84041,1.9,SLC,WE-SLC01-019
84042,1.95,SLC,WE-SLC01-012
84043,1.9,SLC,WE-SLC01-001
84044,1.9,SLC,WE-SLC01-006
84045,1.9,SLC,WE-SLC01-001
84047,1.9,SLC,WE-SLC01-016
84054,1.9,SLC,WE-SLC01-007
84056,1.9,SLC,WE-SLC01-019
84057,1.95,SLC,WE-SLC01-012
84058,1.95,SLC,WE-SLC01-012
84059,1.95,SLC,WE-SLC01-012
84062,1.9,SLC,WE-SLC01-017
84065,1.9,SLC,WE-SLC01-002
84067,1.9,SLC,WE-SLC01-009
84070,1.9,SLC,WE-SLC01-016
84074,1.9,SLC,WE-SLC01-015
84075,1.9,SLC,WE-SLC01-008
84081,1.8,SLC,WE-SLC01-004
84084,1.8,SLC,WE-SLC01-004
84087,1.9,SLC,WE-SLC01-007
84088,1.9,SLC,WE-SLC01-016
84092,1.9,SLC,WE-SLC01-003
84093,1.9,SLC,WE-SLC01-003
84094,1.9,SLC,WE-SLC01-003
84095,1.9,SLC,WE-SLC01-016
84096,1.9,SLC,WE-SLC01-002
84097,1.95,SLC,WE-SLC01-012
84101,2.05,SLC,WE-SLC01-005
84102,2.05,SLC,WE-SLC01-005
84103,2.05,SLC,WE-SLC01-005
84104,1.9,SLC,WE-SLC01-013
84105,2.05,SLC,WE-SLC01-005
84106,2.05,SLC,WE-SLC01-005
84107,1.9,SLC,WE-SLC01-003
84108,2.05,SLC,WE-SLC01-005
84109,2.05,SLC,WE-SLC01-005
84111,2.05,SLC,WE-SLC01-005
84112,2.05,SLC,WE-SLC01-005
84115,2.05,SLC,WE-SLC01-005
84116,1.9,SLC,WE-SLC01-007
84117,1.9,SLC,WE-SLC01-003
84118,1.9,SLC,WE-SLC01-006
84119,1.9,SLC,WE-SLC01-013
84120,1.9,SLC,WE-SLC01-014
84121,1.9,SLC,WE-SLC01-003
84123,1.9,SLC,WE-SLC01-013
84124,1.9,SLC,WE-SLC01-003
84128,1.9,SLC,WE-SLC01-006
84129,1.9,SLC,WE-SLC01-014
84302,1.95,LGU,LGU01-002
84315,1.9,SLC,WE-SLC01-008
84318,1.95,LGU,LGU01-001
84319,1.95,LGU,LGU01-001
84321,2.0,LGU,LGU01-001
84332,1.95,LGU,LGU01-001
84335,1.95,LGU,LGU01-001
84337,1.95,LGU,LGU01-002
84340,1.95,LGU,LGU01-002
84341,1.95,LGU,LGU01-001
84401,1.9,SLC,WE-SLC01-011
84403,1.9,SLC,WE-SLC01-009
84404,1.9,SLC,WE-SLC01-011
84405,1.9,SLC,WE-SLC01-009
84408,1.9,SLC,WE-SLC01-009
84414,1.9,SLC,WE-SLC01-011
84601,1.9,SLC,WE-SLC01-010
84602,1.9,SLC,WE-SLC01-010
84604,1.9,SLC,WE-SLC01-010
84606,1.9,SLC,WE-SLC01-010
84651,1.9,SLC,WE-SLC01-018
84653,1.9,SLC,WE-SLC01-018
84660,1.9,SLC,WE-SLC01-018
84663,1.9,SLC,WE-SLC01-010
84664,1.9,SLC,WE-SLC01-018
87002,2.0,ABQ,ABQ01-004
87004,2.0,ABQ,ABQ01-005
87022,2.0,ABQ,ABQ01-009
87031,2.0,ABQ,ABQ01-004
87042,2.0,ABQ,ABQ01-009
87048,2.0,ABQ,ABQ01-005
87068,2.0,ABQ,ABQ01-009
87101,2.0,ABQ,ABQ01-009
87102,2.0,ABQ,ABQ01-009
87104,2.0,ABQ,ABQ01-009
87105,2.0,ABQ,ABQ01-009
87106,2.0,ABQ,ABQ01-002
87107,2.0,ABQ,ABQ01-008
87108,2.0,ABQ,ABQ01-002
87109,2.0,ABQ,ABQ01-006
87110,2.0,ABQ,ABQ01-007
87111,2.0,ABQ,ABQ01-006
87112,2.0,ABQ,ABQ01-007
87113,2.0,ABQ,ABQ01-005
87114,2.0,ABQ,ABQ01-005
87120,2.0,ABQ,ABQ01-008
87121,2.0,ABQ,ABQ01-003
87122,2.0,ABQ,ABQ01-006
87123,2.0,ABQ,ABQ01-002
87124,1.9,ABQ,ABQ01-001
87131,2.0,ABQ,ABQ01-002
87144,1.9,ABQ,ABQ01-001
87158,2.0,ABQ,ABQ01-009
87401,2.25,FMN,FMN01-001
87410,2.25,FMN,FMN01-001
87413,2.25,FMN,FMN01-001
87501,2.2,SAF,SAF01-001
87505,2.2,SAF,SAF01-001
87506,2.2,SAF,SAF01-001
87507,2.2,SAF,SAF01-002
87508,2.2,SAF,SAF01-002
87532,2.2,SAF,SAF01-001
